Date,Rain
1/1/2012,0
1/2/2012,0
1/3/2012,0
1/4/2012,0
1/5/2012,0
1/6/2012,0
1/7/2012,0
1/8/2012,0
1/9/2012,0
1/10/2012,0
1/11/2012,0
1/12/2012,0
1/13/2012,0
1/14/2012,0
1/15/2012,0
1/16/2012,0
1/17/2012,0
1/18/2012,0
1/19/2012,0
1/20/2012,1.55
1/21/2012,0
1/22/2012,1.47
1/23/2012,0.08
1/24/2012,0
1/25/2012,0
1/26/2012,0
1/27/2012,0
1/28/2012,0
1/29/2012,0
1/30/2012,0
1/31/2012,0
2/1/2012,0
2/2/2012,0
2/3/2012,0
2/4/2012,0
2/5/2012,0
2/6/2012,0.09
2/7/2012,0
2/8/2012,0
2/9/2012,0
2/10/2012,0
2/11/2012,0
2/12/2012,0
2/13/2012,0.18
2/14/2012,0.1
2/15/2012,0
2/16/2012,0
2/17/2012,0
2/18/2012,0
2/19/2012,0
2/20/2012,0
2/21/2012,0
2/22/2012,0
2/23/2012,0
2/24/2012,0
2/25/2012,0
2/26/2012,0
2/27/2012,0
2/28/2012,0.1
2/29/2012,0.25
3/1/2012,0
3/2/2012,0
3/3/2012,0
3/4/2012,0
3/5/2012,0
3/6/2012,0
3/7/2012,0
3/8/2012,0
3/9/2012,0
3/10/2012,0
3/11/2012,0
3/12/2012,0
3/13/2012,0
3/14/2012,0
3/15/2012,0.07
3/16/2012,1.15
3/17/2012,0.47
3/18/2012,0
3/19/2012,0
3/20/2012,0
3/21/2012,0
3/22/2012,0
3/23/2012,0
3/24/2012,0.45
3/25/2012,0.24
3/26/2012,0
3/27/2012,0.22
3/28/2012,0.02
3/29/2012,0
3/30/2012,0
3/31/2012,0.33
4/1/2012,0.02
4/2/2012,0
4/3/2012,0
4/4/2012,0
4/5/2012,0
4/6/2012,0
4/7/2012,0
4/8/2012,0
4/9/2012,0
4/10/2012,0.73
4/11/2012,0.07
4/12/2012,1.11
4/13/2012,0.04
4/14/2012,0
4/15/2012,0
4/16/2012,0
4/17/2012,0
4/18/2012,0
4/19/2012,0
4/20/2012,0
4/21/2012,0
4/22/2012,0
4/23/2012,0
4/24/2012,0.12
4/25/2012,0.41
4/26/2012,0
4/27/2012,0
4/28/2012,0
4/29/2012,0
4/30/2012,0
5/1/2012,0
5/2/2012,0
5/3/2012,0
5/4/2012,0
5/5/2012,0
5/6/2012,0
5/7/2012,0
5/8/2012,0
5/9/2012,0
5/10/2012,0
5/11/2012,0
5/12/2012,0
5/13/2012,0
5/14/2012,0
5/15/2012,0
5/16/2012,0
5/17/2012,0
5/18/2012,0
5/19/2012,0
5/20/2012,0
5/21/2012,0
5/22/2012,0
5/23/2012,0
5/24/2012,0
5/25/2012,0
5/26/2012,0
5/27/2012,0
5/28/2012,0
5/29/2012,0
5/30/2012,0
5/31/2012,0
6/1/2012,0
6/2/2012,0
6/3/2012,0
6/4/2012,0
6/5/2012,0
6/6/2012,0
6/7/2012,0
6/8/2012,0
6/9/2012,0
6/10/2012,0
6/11/2012,0
6/12/2012,0
6/13/2012,0
6/14/2012,0
6/15/2012,0
6/16/2012,0
6/17/2012,0
6/18/2012,0
6/19/2012,0
6/20/2012,0
6/21/2012,0
6/22/2012,0
6/23/2012,0
6/24/2012,0
6/25/2012,0
6/26/2012,0
6/27/2012,0
6/28/2012,0
6/29/2012,0
6/30/2012,0
7/1/2012,0
7/2/2012,0
7/3/2012,0
7/4/2012,0
7/5/2012,0
7/6/2012,0
7/7/2012,0
7/8/2012,0
7/9/2012,0
7/10/2012,0
7/11/2012,0
7/12/2012,0
7/13/2012,0
7/14/2012,0
7/15/2012,0
7/16/2012,0
7/17/2012,0
7/18/2012,0
7/19/2012,0
7/20/2012,0
7/21/2012,0
7/22/2012,0
7/23/2012,0
7/24/2012,0
7/25/2012,0
7/26/2012,0
7/27/2012,0
7/28/2012,0
7/29/2012,0
7/30/2012,0
7/31/2012,0
8/1/2012,0
8/2/2012,0
8/3/2012,0
8/4/2012,0
8/5/2012,0
8/6/2012,0
8/7/2012,0
8/8/2012,0
8/9/2012,0
8/10/2012,0
8/11/2012,0
8/12/2012,0
8/13/2012,0
8/14/2012,0
8/15/2012,0
8/16/2012,0
8/17/2012,0
8/18/2012,0
8/19/2012,0
8/20/2012,0
8/21/2012,0
8/22/2012,0
8/23/2012,0
8/24/2012,0
8/25/2012,0
8/26/2012,0
8/27/2012,0
8/28/2012,0
8/29/2012,0
8/30/2012,0
8/31/2012,
9/1/2012,0
9/2/2012,0
9/3/2012,0
9/4/2012,0
9/5/2012,0
9/6/2012,0
9/7/2012,0
9/8/2012,0
9/9/2012,0
9/10/2012,0
9/11/2012,0
9/12/2012,0
9/13/2012,0
9/14/2012,0
9/15/2012,0
9/16/2012,0
9/17/2012,0
9/18/2012,0
9/19/2012,0
9/20/2012,0
9/21/2012,0
9/22/2012,0
9/23/2012,0
9/24/2012,0
9/25/2012,0
9/26/2012,0
9/27/2012,0
9/28/2012,0
9/29/2012,0
9/30/2012,0
10/1/2012,0
10/2/2012,0
10/3/2012,0
10/4/2012,0
10/5/2012,0
10/6/2012,0
10/7/2012,0
10/8/2012,0
10/9/2012,0
10/10/2012,0.15
10/11/2012,0.03
10/12/2012,0
10/13/2012,0
10/14/2012,0
10/15/2012,0
10/16/2012,0
10/17/2012,0
10/18/2012,0
10/19/2012,0
10/20/2012,0
10/21/2012,0
10/22/2012,0.24
10/23/2012,0
10/24/2012,0
10/25/2012,0
10/26/2012,0
10/27/2012,0
10/28/2012,0
10/29/2012,0
10/30/2012,0
10/31/2012,0
11/1/2012,0
11/2/2012,0
11/3/2012,0
11/4/2012,0
11/5/2012,0
11/6/2012,0
11/7/2012,0
11/8/2012,0.01
11/9/2012,0
11/10/2012,0
11/11/2012,0
11/12/2012,0
11/13/2012,0
11/14/2012,0
11/15/2012,0.04
11/16/2012,0.62
11/17/2012,0.11
11/18/2012,0
11/19/2012,0
11/20/2012,0
11/21/2012,0
11/22/2012,0
11/23/2012,0
11/24/2012,0
11/25/2012,0
11/26/2012,0
11/27/2012,0
11/28/2012,0.47
11/29/2012,0.05
11/30/2012,0.42
12/1/2012,0.65
12/2/2012,0.53
12/3/2012,0
12/4/2012,0
12/5/2012,0.03
12/6/2012,0
12/7/2012,0
12/8/2012,0
12/9/2012,0
12/10/2012,0
12/11/2012,0.01
12/12/2012,0.19
12/13/2012,0
12/14/2012,0
12/15/2012,0.07
12/16/2012,0.13
12/17/2012,0.31
12/18/2012,0
12/19/2012,0
12/20/2012,0
12/21/2012,1.14
12/22/2012,0.32
12/23/2012,0.8
12/24/2012,0
12/25/2012,0.75
12/26/2012,0.05
12/27/2012,0
12/28/2012,0.17
12/29/2012,0.06
12/30/2012,0
12/31/2012,0
1/1/2013,0
1/2/2013,0
1/3/2013,0
1/4/2013,0
1/5/2013,0.66
1/6/2013,0.03
1/7/2013,0
1/8/2013,0
1/9/2013,0
1/10/2013,0
1/11/2013,0
1/12/2013,0
1/13/2013,0
1/14/2013,0
1/15/2013,0
1/16/2013,0
1/17/2013,0
1/18/2013,0
1/19/2013,0
1/20/2013,0
1/21/2013,0
1/22/2013,0
1/23/2013,0.35
1/24/2013,0.25
1/25/2013,0
1/26/2013,0
1/27/2013,0
1/28/2013,0
1/29/2013,0
1/30/2013,0
1/31/2013,0
2/1/2013,0
2/2/2013,0
2/3/2013,0
2/4/2013,0
2/5/2013,0
2/6/2013,0
2/7/2013,0.19
2/8/2013,0.02
2/9/2013,0
2/10/2013,0
2/11/2013,0
2/12/2013,0
2/13/2013,0
2/14/2013,0
2/15/2013,0
2/16/2013,0
2/17/2013,0
2/18/2013,0
2/19/2013,0.29
2/20/2013,0
2/21/2013,0
2/22/2013,0
2/23/2013,0
2/24/2013,0
2/25/2013,0
2/26/2013,0
2/27/2013,0
2/28/2013,0
3/1/2013,0
3/2/2013,0
3/3/2013,0
3/4/2013,0
3/5/2013,0.35
3/6/2013,0.13
3/7/2013,0.27
3/8/2013,0
3/9/2013,0
3/10/2013,0
3/11/2013,0
3/12/2013,0
3/13/2013,0
3/14/2013,0
3/15/2013,0
3/16/2013,0
3/17/2013,0
3/18/2013,0
3/19/2013,0
3/20/2013,0
3/21/2013,0
3/22/2013,0
3/23/2013,0
3/24/2013,0
3/25/2013,0
3/26/2013,0
3/27/2013,0
3/28/2013,0
3/29/2013,0.01
3/30/2013,0.32
3/31/2013,0.13
4/1/2013,0.04
4/2/2013,0
4/3/2013,0.02
4/4/2013,0
4/5/2013,0
4/6/2013,0
4/7/2013,0
4/8/2013,0
4/9/2013,0
4/10/2013,0
4/11/2013,0
4/12/2013,0
4/13/2013,0
4/14/2013,0
4/15/2013,0
4/16/2013,0
4/17/2013,0
4/18/2013,0
4/19/2013,0
4/20/2013,0
4/21/2013,0
4/22/2013,0.01
4/23/2013,0
4/24/2013,0
4/25/2013,0
4/26/2013,0
4/27/2013,0
4/28/2013,0
4/29/2013,0
4/30/2013,0
5/1/2013,0
5/2/2013,0
5/3/2013,0
5/4/2013,0
5/5/2013,0.01
5/6/2013,0.01
5/7/2013,0
5/8/2013,0
5/9/2013,0
5/10/2013,0
5/11/2013,0
5/12/2013,0
5/13/2013,0
5/14/2013,0
5/15/2013,0
5/16/2013,0
5/17/2013,0
5/18/2013,0
5/19/2013,0
5/20/2013,0
5/21/2013,0
5/22/2013,0
5/23/2013,0
5/24/2013,0
5/25/2013,0
5/26/2013,0
5/27/2013,0
5/28/2013,0
5/29/2013,0
5/30/2013,0
5/31/2013,0
6/1/2013,0
6/2/2013,0
6/3/2013,0
6/4/2013,0
6/5/2013,0
6/6/2013,0
6/7/2013,0
6/8/2013,0
6/9/2013,0
6/10/2013,0
6/11/2013,0
6/12/2013,0
6/13/2013,0
6/14/2013,0
6/15/2013,0
6/16/2013,0
6/17/2013,0
6/18/2013,0
6/19/2013,0
6/20/2013,0
6/21/2013,0
6/22/2013,0
6/23/2013,0
6/24/2013,0
6/25/2013,0
6/26/2013,0
6/27/2013,0
6/28/2013,0
6/29/2013,0
6/30/2013,0
7/1/2013,0
7/2/2013,0
7/3/2013,0
7/4/2013,0
7/5/2013,0
7/6/2013,0
7/7/2013,0
7/8/2013,0
7/9/2013,0
7/10/2013,0
7/11/2013,0
7/12/2013,0
7/13/2013,0
7/14/2013,0
7/15/2013,0
7/16/2013,0
7/17/2013,0
7/18/2013,0
7/19/2013,0
7/20/2013,0
7/21/2013,0
7/22/2013,0
7/23/2013,0
7/24/2013,0
7/25/2013,0
7/26/2013,0
7/27/2013,0
7/28/2013,0
7/29/2013,0
7/30/2013,0
7/31/2013,0
8/1/2013,0
8/2/2013,0
8/3/2013,0
8/4/2013,0
8/5/2013,0
8/6/2013,0
8/7/2013,0
8/8/2013,0
8/9/2013,0
8/10/2013,0
8/11/2013,0
8/12/2013,0
8/13/2013,0
8/14/2013,0
8/15/2013,0
8/16/2013,0
8/17/2013,0
8/18/2013,0
8/19/2013,0.01
8/20/2013,0
8/21/2013,0
8/22/2013,0
8/23/2013,0
8/24/2013,0
8/25/2013,0
8/26/2013,0
8/27/2013,0
8/28/2013,0
8/29/2013,0
8/30/2013,0
8/31/2013,0
9/1/2013,0
9/2/2013,0
9/3/2013,0
9/4/2013,0
9/5/2013,0
9/6/2013,0
9/7/2013,0
9/8/2013,0
9/9/2013,0
9/10/2013,0
9/11/2013,0
9/12/2013,0
9/13/2013,0
9/14/2013,0
9/15/2013,0
9/16/2013,0
9/17/2013,0
9/18/2013,0
9/19/2013,0
9/20/2013,0
9/21/2013,0.1
9/22/2013,0
9/23/2013,0
9/24/2013,0
9/25/2013,0
9/26/2013,0
9/27/2013,0
9/28/2013,0
9/29/2013,0
9/30/2013,0
10/1/2013,0
10/2/2013,0
10/3/2013,0
10/4/2013,0
10/5/2013,0
10/6/2013,0
10/7/2013,0
10/8/2013,0
10/9/2013,0
10/10/2013,0
10/11/2013,0
10/12/2013,0
10/13/2013,0
10/14/2013,0
10/15/2013,0
10/16/2013,0
10/17/2013,0
10/18/2013,0
10/19/2013,0
10/20/2013,0
10/21/2013,0
10/22/2013,0
10/23/2013,0
10/24/2013,0
10/25/2013,0
10/26/2013,0
10/27/2013,0.11
10/28/2013,0.17
10/29/2013,0
10/30/2013,0
10/31/2013,0
11/1/2013,0
11/2/2013,0
11/3/2013,0
11/4/2013,0
11/5/2013,0
11/6/2013,0
11/7/2013,0
11/8/2013,0
11/9/2013,0
11/10/2013,0
11/11/2013,0
11/12/2013,0
11/13/2013,0
11/14/2013,0
11/15/2013,0
11/16/2013,0
11/17/2013,0
11/18/2013,0
11/19/2013,0.13
11/20/2013,0.21
11/21/2013,0
11/22/2013,0
11/23/2013,0
11/24/2013,0
11/25/2013,0
11/26/2013,0
11/27/2013,0
11/28/2013,0
11/29/2013,0
11/30/2013,0
12/1/2013,0
12/2/2013,0
12/3/2013,0
12/4/2013,0
12/5/2013,0
12/6/2013,0.23
12/7/2013,0
12/8/2013,0
12/9/2013,0
12/10/2013,0
12/11/2013,0
12/12/2013,0
12/13/2013,0
12/14/2013,0
12/15/2013,0
12/16/2013,0
12/17/2013,0
12/18/2013,0
12/19/2013,0
12/20/2013,0
12/21/2013,0
12/22/2013,0
12/23/2013,0
12/24/2013,0
12/25/2013,0
12/26/2013,0
12/27/2013,0
12/28/2013,0
12/29/2013,0
12/30/2013,0
12/31/2013,0
1/1/2014,0
1/2/2014,0
1/3/2014,0
1/4/2014,0
1/5/2014,0
1/6/2014,0
1/7/2014,0
1/8/2014,0
1/9/2014,0
1/10/2014,0
1/11/2014,0
1/12/2014,0
1/13/2014,0
1/14/2014,0
1/15/2014,0
1/16/2014,0
1/17/2014,0
1/18/2014,0
1/19/2014,0
1/20/2014,0
1/21/2014,0
1/22/2014,0
1/23/2014,0
1/24/2014,0
1/25/2014,0
1/26/2014,0
1/27/2014,0
1/28/2014,0
1/29/2014,0
1/30/2014,0
1/31/2014,0
2/1/2014,0
2/2/2014,1
2/3/2014,0
2/4/2014,0
2/5/2014,0.18
2/6/2014,1.33
2/7/2014,0.28
2/8/2014,0.17
2/9/2014,0.16
2/10/2014,0
2/11/2014,0
2/12/2014,0
2/13/2014,0
2/14/2014,0
2/15/2014,0
2/16/2014,0
2/17/2014,0
2/18/2014,0
2/19/2014,0
2/20/2014,0
2/21/2014,0
2/22/2014,0
2/23/2014,0
2/24/2014,0
2/25/2014,0
2/26/2014,1.1
2/27/2014,0.76
2/28/2014,0.12
3/1/2014,0.23
3/2/2014,0.04
3/3/2014,0.02
3/4/2014,0
3/5/2014,0
3/6/2014,0
3/7/2014,0
3/8/2014,0
3/9/2014,0
3/10/2014,0
3/11/2014,0
3/12/2014,0
3/13/2014,0
3/14/2014,0
3/15/2014,0
3/16/2014,0
3/17/2014,0
3/18/2014,0
3/19/2014,0
3/20/2014,0
3/21/2014,0
3/22/2014,0
3/23/2014,0
3/24/2014,0
3/25/2014,0.03
3/26/2014,0.13
3/27/2014,0
3/28/2014,0
3/29/2014,0.27
3/30/2014,0
3/31/2014,0.52
4/1/2014,0.54
4/2/2014,0
4/3/2014,0
4/4/2014,0.11
4/5/2014,0
4/6/2014,0
4/7/2014,0
4/8/2014,0
4/9/2014,0
4/10/2014,0
4/11/2014,0
4/12/2014,0
4/13/2014,0
4/14/2014,0
4/15/2014,0
4/16/2014,0
4/17/2014,0
4/18/2014,0
4/19/2014,0
4/20/2014,0
4/21/2014,0
4/22/2014,0
4/23/2014,0
4/24/2014,0
4/25/2014,0.33
4/26/2014,0
4/27/2014,0
4/28/2014,0
4/29/2014,0
4/30/2014,0
5/1/2014,0
5/2/2014,0
5/3/2014,0
5/4/2014,0
5/5/2014,0
5/6/2014,0
5/7/2014,0
5/8/2014,0
5/9/2014,0
5/10/2014,0
5/11/2014,0
5/12/2014,0
5/13/2014,0
5/14/2014,0
5/15/2014,0
5/16/2014,0
5/17/2014,0
5/18/2014,0
5/19/2014,0
5/20/2014,0
5/21/2014,0
5/22/2014,0
5/23/2014,0
5/24/2014,0
5/25/2014,0
5/26/2014,0
5/27/2014,0
5/28/2014,0
5/29/2014,0
5/30/2014,0
5/31/2014,0
6/1/2014,0
6/2/2014,0
6/3/2014,0
6/4/2014,0
6/5/2014,0
6/6/2014,0
6/7/2014,0
6/8/2014,0
6/9/2014,0
6/10/2014,0
6/11/2014,0
6/12/2014,0
6/13/2014,0
6/14/2014,0
6/15/2014,0
6/16/2014,0
6/17/2014,0
6/18/2014,0
6/19/2014,0
6/20/2014,0
6/21/2014,0
6/22/2014,0
6/23/2014,0
6/24/2014,0
6/25/2014,0
6/26/2014,0
6/27/2014,0
6/28/2014,0
6/29/2014,0
6/30/2014,0
7/1/2014,0
7/2/2014,0
7/3/2014,0
7/4/2014,0
7/5/2014,0
7/6/2014,0
7/7/2014,0
7/8/2014,0
7/9/2014,0
7/10/2014,0
7/11/2014,0
7/12/2014,0
7/13/2014,0
7/14/2014,0
7/15/2014,0
7/16/2014,0
7/17/2014,0
7/18/2014,0
7/19/2014,0
7/20/2014,0
7/21/2014,0
7/22/2014,0
7/23/2014,0
7/24/2014,0
7/25/2014,0
7/26/2014,0
7/27/2014,0
7/28/2014,0
7/29/2014,0
7/30/2014,0
7/31/2014,0
8/1/2014,0
8/2/2014,0
8/3/2014,0
8/4/2014,0
8/5/2014,0
8/6/2014,0
8/7/2014,0
8/8/2014,0
8/9/2014,0
8/10/2014,0
8/11/2014,0
8/12/2014,0
8/13/2014,0
8/14/2014,0
8/15/2014,0
8/16/2014,0
8/17/2014,0
8/18/2014,0
8/19/2014,0
8/20/2014,0
8/21/2014,0
8/22/2014,0
8/23/2014,0
8/24/2014,0
8/25/2014,0
8/26/2014,0
8/27/2014,0
8/28/2014,0
8/29/2014,0
8/30/2014,0
8/31/2014,0
9/1/2014,0
9/2/2014,0
9/3/2014,0
9/4/2014,0
9/5/2014,0
9/6/2014,0
9/7/2014,0
9/8/2014,0
9/9/2014,0
9/10/2014,0
9/11/2014,0
9/12/2014,0
9/13/2014,0
9/14/2014,0
9/15/2014,0
9/16/2014,0
9/17/2014,0.02
9/18/2014,0
9/19/2014,0
9/20/2014,0
9/21/2014,0
9/22/2014,0
9/23/2014,0
9/24/2014,0
9/25/2014,0.01
9/26/2014,0
9/27/2014,0
9/28/2014,0
9/29/2014,0
9/30/2014,0
10/1/2014,0
10/2/2014,0
10/3/2014,0
10/4/2014,0
10/5/2014,0
10/6/2014,0
10/7/2014,0
10/8/2014,0
10/9/2014,0
10/10/2014,0
10/11/2014,0
10/12/2014,0
10/13/2014,0
10/14/2014,0
10/15/2014,0
10/16/2014,0
10/17/2014,0
10/18/2014,0
10/19/2014,0
10/20/2014,0
10/21/2014,0
10/22/2014,0
10/23/2014,0
10/24/2014,0
10/25/2014,0
10/26/2014,0
10/27/2014,0
10/28/2014,0
10/29/2014,0
10/30/2014,0
10/31/2014,1.16
11/1/2014,0.05
11/2/2014,0
11/3/2014,0
11/4/2014,0
11/5/2014,0
11/6/2014,0
11/7/2014,0
11/8/2014,0
11/9/2014,0
11/10/2014,0
11/11/2014,0
11/12/2014,0.03
11/13/2014,0.03
11/14/2014,0
11/15/2014,0
11/16/2014,0
11/17/2014,0
11/18/2014,0
11/19/2014,0.13
11/20/2014,0.05
11/21/2014,0
11/22/2014,0
11/23/2014,0
11/24/2014,0
11/25/2014,0
11/26/2014,0
11/27/2014,0
11/28/2014,0
11/29/2014,0
11/30/2014,0.38
12/1/2014,0.54
12/2/2014,0.15
12/3/2014,0.71
12/4/2014,0.29
12/5/2014,1.49
12/6/2014,0
12/7/2014,0
12/8/2014,0
12/9/2014,0
12/10/2014,0.03
12/11/2014,2.88
12/12/2014,0.25
12/13/2014,0
12/14/2014,0
12/15/2014,0.97
12/16/2014,0.34
12/17/2014,0.02
12/18/2014,0
12/19/2014,0.01
12/20/2014,0
12/21/2014,0
12/22/2014,0
12/23/2014,0
12/24/2014,0
12/25/2014,0
12/26/2014,0
12/27/2014,0
12/28/2014,0
12/29/2014,0
12/30/2014,0
12/31/2014,0
1/1/2015,0
1/2/2015,0
1/3/2015,0
1/4/2015,0
1/5/2015,0
1/6/2015,0
1/7/2015,0
1/8/2015,0
1/9/2015,0
1/10/2015,0.02
1/11/2015,0
1/12/2015,0
1/13/2015,0
1/14/2015,0
1/15/2015,0
1/16/2015,0
1/17/2015,0
1/18/2015,0
1/19/2015,0
1/20/2015,0
1/21/2015,0
1/22/2015,0
1/23/2015,0
1/24/2015,0
1/25/2015,0
1/26/2015,0.16
1/27/2015,0
1/28/2015,0
1/29/2015,0
1/30/2015,0
1/31/2015,0
2/1/2015,0
2/2/2015,0
2/3/2015,0
2/4/2015,0
2/5/2015,0
2/6/2015,0.75
2/7/2015,0.47
2/8/2015,0.22
2/9/2015,0
2/10/2015,0
2/11/2015,0
2/12/2015,0
2/13/2015,0
2/14/2015,0
2/15/2015,0
2/16/2015,0
2/17/2015,0
2/18/2015,0
2/19/2015,0
2/20/2015,0
2/21/2015,0
2/22/2015,0
2/23/2015,0.11
2/24/2015,0
2/25/2015,0
2/26/2015,0
2/27/2015,0
2/28/2015,0.1
3/1/2015,0.15
3/2/2015,0.1
3/3/2015,0
3/4/2015,0
3/5/2015,0
3/6/2015,0
3/7/2015,0
3/8/2015,0
3/9/2015,0
3/10/2015,0
3/11/2015,0
3/12/2015,0
3/13/2015,0
3/14/2015,0
3/15/2015,0
3/16/2015,0
3/17/2015,0
3/18/2015,0
3/19/2015,0
3/20/2015,0
3/21/2015,0
3/22/2015,0
3/23/2015,0
3/24/2015,0
3/25/2015,0
3/26/2015,0
3/27/2015,0
3/28/2015,0
3/29/2015,0
3/30/2015,0
3/31/2015,0
4/1/2015,0
4/2/2015,0
4/3/2015,0
4/4/2015,0
4/5/2015,0
4/6/2015,0.25
4/7/2015,0.32
4/8/2015,0
4/9/2015,0
4/10/2015,0
4/11/2015,0
4/12/2015,0
4/13/2015,0
4/14/2015,0
4/15/2015,0
4/16/2015,0
4/17/2015,0
4/18/2015,0
4/19/2015,0
4/20/2015,0
4/21/2015,0
4/22/2015,0
4/23/2015,0
4/24/2015,0.01
4/25/2015,0
4/26/2015,0
4/27/2015,0.45
4/28/2015,0
4/29/2015,0
4/30/2015,0
5/1/2015,0
5/2/2015,0
5/3/2015,0
5/4/2015,0
5/5/2015,0
5/6/2015,0
5/7/2015,0.4
5/8/2015,0
5/9/2015,0
5/10/2015,0
5/11/2015,0
5/12/2015,0
5/13/2015,0
5/14/2015,0.01
5/15/2015,0
5/16/2015,0
5/17/2015,0
5/18/2015,0
5/19/2015,0
5/20/2015,0
5/21/2015,0
5/22/2015,0
5/23/2015,0
5/24/2015,0
5/25/2015,0
5/26/2015,0
5/27/2015,0
5/28/2015,0
5/29/2015,0
5/30/2015,0
5/31/2015,0
6/1/2015,0
6/2/2015,0
6/3/2015,0
6/4/2015,0
6/5/2015,0.01
6/6/2015,0
6/7/2015,0
6/8/2015,0
6/9/2015,0
6/10/2015,0
6/11/2015,0
6/12/2015,0
6/13/2015,0
6/14/2015,0
6/15/2015,0
6/16/2015,0
6/17/2015,0
6/18/2015,0
6/19/2015,0
6/20/2015,0
6/21/2015,0
6/22/2015,0
6/23/2015,0
6/24/2015,0
6/25/2015,0
6/26/2015,0
6/27/2015,0
6/28/2015,0
6/29/2015,0
6/30/2015,0
7/1/2015,0
7/2/2015,0
7/3/2015,0
7/4/2015,0
7/5/2015,0
7/6/2015,0
7/7/2015,0
7/8/2015,0
7/9/2015,0
7/10/2015,0
7/11/2015,0
7/12/2015,0
7/13/2015,0
7/14/2015,0
7/15/2015,0
7/16/2015,0
7/17/2015,1.1
7/18/2015,0
7/19/2015,0
7/20/2015,0
7/21/2015,0
7/22/2015,0
7/23/2015,0
7/24/2015,0
7/25/2015,0
7/26/2015,0
7/27/2015,0
7/28/2015,0
7/29/2015,0
7/30/2015,0
7/31/2015,0
8/1/2015,0
8/2/2015,0
8/3/2015,0
8/4/2015,0
8/5/2015,0
8/6/2015,0
8/7/2015,0
8/8/2015,0
8/9/2015,0
8/10/2015,0
8/11/2015,0
8/12/2015,0
8/13/2015,0
8/14/2015,0
8/15/2015,0
8/16/2015,0
8/17/2015,0
8/18/2015,0
8/19/2015,0
8/20/2015,0
8/21/2015,0
8/22/2015,0
8/23/2015,0
8/24/2015,0
8/25/2015,0
8/26/2015,0
8/27/2015,0
8/28/2015,0
8/29/2015,0
8/30/2015,0
8/31/2015,0
9/1/2015,0
9/2/2015,0
9/3/2015,0
9/4/2015,0
9/5/2015,0
9/6/2015,0
9/7/2015,0
9/8/2015,0
9/9/2015,0
9/10/2015,0
9/11/2015,0
9/12/2015,0
9/13/2015,0
9/14/2015,0
9/15/2015,0
9/16/2015,0
9/17/2015,0
9/18/2015,0
9/19/2015,0
9/20/2015,0
9/21/2015,0
9/22/2015,0
9/23/2015,0
9/24/2015,0
9/25/2015,0
9/26/2015,0
9/27/2015,0
9/28/2015,0
9/29/2015,0
9/30/2015,0.01
10/1/2015,0
10/2/2015,0
10/3/2015,0.1
10/4/2015,0
10/5/2015,0
10/6/2015,0
10/7/2015,0
10/8/2015,0
10/9/2015,0
10/10/2015,0
10/11/2015,0
10/12/2015,0
10/13/2015,0
10/14/2015,0
10/15/2015,0
10/16/2015,0
10/17/2015,0
10/18/2015,0
10/19/2015,0
10/20/2015,0
10/21/2015,0
10/22/2015,0
10/23/2015,0
10/24/2015,0
10/25/2015,0
10/26/2015,0
10/27/2015,0
10/28/2015,0
10/29/2015,0
10/30/2015,0
10/31/2015,0
11/1/2015,0.1
11/2/2015,0.38
11/3/2015,0
11/4/2015,0
11/5/2015,0
11/6/2015,0
11/7/2015,0
11/8/2015,0.05
11/9/2015,0.2
11/10/2015,0
11/11/2015,0
11/12/2015,0
11/13/2015,0
11/14/2015,0.4
11/15/2015,0.1
11/16/2015,0
11/17/2015,0
11/18/2015,0
11/19/2015,0
11/20/2015,0
11/21/2015,0
11/22/2015,0
11/23/2015,0
11/24/2015,0.28
11/25/2015,0
11/26/2015,0
11/27/2015,0
11/28/2015,0
11/29/2015,0
11/30/2015,0
12/1/2015,0
12/2/2015,0
12/3/2015,0.15
12/4/2015,0
12/5/2015,0
12/6/2015,0
12/7/2015,0
12/8/2015,0
12/9/2015,0
12/10/2015,0.46
12/11/2015,0.01
12/12/2015,0
12/13/2015,0.1
12/14/2015,0
12/15/2015,0
12/16/2015,0
12/17/2015,0
12/18/2015,0.2
12/19/2015,0.05
12/20/2015,0
12/21/2015,0.25
12/22/2015,0.36
12/23/2015,0
12/24/2015,0.07
12/25/2015,0
12/26/2015,0
12/27/2015,0
12/28/2015,0
12/29/2015,0
12/30/2015,0
12/31/2015,0
1/1/2016,0
1/2/2016,0
1/3/2016,0.14
1/4/2016,0.61
1/5/2016,0.98
1/6/2016,0.75
1/7/2016,0.15
1/8/2016,0.01
1/9/2016,0.2
1/10/2016,0.15
1/11/2016,0
1/12/2016,0.06
1/13/2016,0
1/14/2016,0.19
1/15/2016,0.12
1/16/2016,0
1/17/2016,0.7
1/18/2016,0.12
1/19/2016,0.78
1/20/2016,0
1/21/2016,0
1/22/2016,0.92
1/23/2016,0
1/24/2016,0
1/25/2016,0
1/26/2016,0
1/27/2016,0
1/28/2016,0
1/29/2016,0.19
1/30/2016,0.45
1/31/2016,0.07
2/1/2016,0
2/2/2016,0
2/3/2016,0
2/4/2016,0
2/5/2016,0
2/6/2016,0
2/7/2016,0
2/8/2016,0
2/9/2016,0
2/10/2016,0
2/11/2016,0
2/12/2016,0
2/13/2016,0
2/14/2016,0
2/15/2016,0
2/16/2016,0
2/17/2016,0.32
2/18/2016,0
2/19/2016,0
2/20/2016,0
2/21/2016,0
2/22/2016,0
2/23/2016,0
2/24/2016,0
2/25/2016,0
2/26/2016,0
2/27/2016,0
2/28/2016,0
2/29/2016,0
3/1/2016,0
3/2/2016,0
3/3/2016,0
3/4/2016,0
3/5/2016,2
3/6/2016,0.9
3/7/2016,0.08
3/8/2016,0
3/9/2016,0
3/10/2016,0
3/11/2016,0.63
3/12/2016,0.12
3/13/2016,0.84
3/14/2016,0
3/15/2016,0
3/16/2016,0
3/17/2016,0
3/18/2016,0
3/19/2016,0
3/20/2016,0.12
3/21/2016,0.08
3/22/2016,0
3/23/2016,0
3/24/2016,0
3/25/2016,0
3/26/2016,0
3/27/2016,0
3/28/2016,0
3/29/2016,0
3/30/2016,0
3/31/2016,
4/1/2016,0
4/2/2016,0
4/3/2016,0
4/4/2016,0
4/5/2016,0
4/6/2016,0
4/7/2016,0.01
4/8/2016,0.14
4/9/2016,0
4/10/2016,0.01
4/11/2016,0
4/12/2016,0
4/13/2016,0
4/14/2016,0
4/15/2016,0
4/16/2016,0
4/17/2016,0
4/18/2016,0
4/19/2016,0
4/20/2016,0
4/21/2016,0
4/22/2016,0
4/23/2016,0.1
4/24/2016,0
4/25/2016,0
4/26/2016,0
4/27/2016,0
4/28/2016,0
4/29/2016,0
4/30/2016,0
5/1/2016,0
5/2/2016,0
5/3/2016,0
5/4/2016,0
5/5/2016,0
5/6/2016,0
5/7/2016,0
5/8/2016,0
5/9/2016,0
5/10/2016,0
5/11/2016,0
5/12/2016,0
5/13/2016,0
5/14/2016,0
5/15/2016,0
5/16/2016,0
5/17/2016,0
5/18/2016,0
5/19/2016,0
5/20/2016,0
5/21/2016,0
5/22/2016,0
5/23/2016,0
5/24/2016,0
5/25/2016,0
5/26/2016,0
5/27/2016,0
5/28/2016,0
5/29/2016,0
5/30/2016,0
5/31/2016,0
6/1/2016,0
6/2/2016,0
6/3/2016,0
6/4/2016,0
6/5/2016,0
6/6/2016,0
6/7/2016,0
6/8/2016,0
6/9/2016,0
6/10/2016,0
6/11/2016,0
6/12/2016,0
6/13/2016,0
6/14/2016,0
6/15/2016,0
6/16/2016,0
6/17/2016,0
6/18/2016,0
6/19/2016,0
6/20/2016,0
6/21/2016,0
6/22/2016,0
6/23/2016,0
6/24/2016,0
6/25/2016,0
6/26/2016,0
6/27/2016,0
6/28/2016,0
6/29/2016,0
6/30/2016,0
7/1/2016,0
7/2/2016,0
7/3/2016,0
7/4/2016,0
7/5/2016,0
7/6/2016,0
7/7/2016,0
7/8/2016,0
7/9/2016,0
7/10/2016,0
7/11/2016,0
7/12/2016,0
7/13/2016,0
7/14/2016,0
7/15/2016,0
7/16/2016,0
7/17/2016,0
7/18/2016,0
7/19/2016,0
7/20/2016,0
7/21/2016,0
7/22/2016,0
7/23/2016,0
7/24/2016,0
7/25/2016,0
7/26/2016,0
7/27/2016,0
7/28/2016,0
7/29/2016,0
7/30/2016,0
7/31/2016,0
8/1/2016,0
8/2/2016,0
8/3/2016,0
8/4/2016,0
8/5/2016,0
8/6/2016,0
8/7/2016,0
8/8/2016,0
8/9/2016,0
8/10/2016,0
8/11/2016,0
8/12/2016,0
8/13/2016,0
8/14/2016,0
8/15/2016,0
8/16/2016,0
8/17/2016,0
8/18/2016,0
8/19/2016,0
8/20/2016,0
8/21/2016,0
8/22/2016,0
8/23/2016,0
8/24/2016,0
8/25/2016,0
8/26/2016,0
8/27/2016,0
8/28/2016,0
8/29/2016,0
8/30/2016,0
8/31/2016,0
9/1/2016,0
9/2/2016,0
9/3/2016,0
9/4/2016,0
9/5/2016,0
9/6/2016,0
9/7/2016,0
9/8/2016,0
9/9/2016,0
9/10/2016,0
9/11/2016,0
9/12/2016,0
9/13/2016,0
9/14/2016,0
9/15/2016,0
9/16/2016,0
9/17/2016,0
9/18/2016,0
9/19/2016,0
9/20/2016,0
9/21/2016,0
9/22/2016,0
9/23/2016,0
9/24/2016,0
9/25/2016,0
9/26/2016,0
9/27/2016,0
9/28/2016,0
9/29/2016,0
9/30/2016,
10/1/2016,0
10/2/2016,0
10/3/2016,0
10/4/2016,0
10/5/2016,0
10/6/2016,0
10/7/2016,0
10/8/2016,0
10/9/2016,0
10/10/2016,0
10/11/2016,0
10/12/2016,0
10/13/2016,0
10/14/2016,0
10/15/2016,0
10/16/2016,0.1
10/17/2016,0.08
10/18/2016,0
10/19/2016,0
10/20/2016,0
10/21/2016,0
10/22/2016,0
10/23/2016,0.04
10/24/2016,0.01
10/25/2016,0
10/26/2016,0
10/27/2016,1.35
10/28/2016,0.1
10/29/2016,0.1
10/30/2016,0.06
10/31/2016,0.02
11/1/2016,0
11/2/2016,0
11/3/2016,0
11/4/2016,0
11/5/2016,0
11/6/2016,0
11/7/2016,0
11/8/2016,0
11/9/2016,0
11/10/2016,0
11/11/2016,0
11/12/2016,0
11/13/2016,0
11/14/2016,0
11/15/2016,0
11/16/2016,0
11/17/2016,0
11/18/2016,0
11/19/2016,0.32
11/20/2016,0.72
11/21/2016,0
11/22/2016,0.02
11/23/2016,0
11/24/2016,0
11/25/2016,0
11/26/2016,1.3
11/27/2016,0.1
11/28/2016,0
11/29/2016,0
11/30/2016,0
12/1/2016,0
12/2/2016,0
12/3/2016,0
12/4/2016,0
12/5/2016,0
12/6/2016,0
12/7/2016,0.3
12/8/2016,1.4
12/9/2016,0.1
12/10/2016,0.3
12/11/2016,0
12/12/2016,0
12/13/2016,0
12/14/2016,0.03
12/15/2016,2.46
12/16/2016,0
12/17/2016,0
12/18/2016,0
12/19/2016,0
12/20/2016,0
12/21/2016,0
12/22/2016,0.1
12/23/2016,1.2
12/24/2016,0
12/25/2016,0
12/26/2016,0
12/27/2016,0
12/28/2016,0
12/29/2016,0.03
12/30/2016,0.02
12/31/2016,0
1/1/2017,0
1/2/2017,0.14
1/3/2017,0.9
1/4/2017,2
1/5/2017,0.8
1/6/2017,0.4
1/7/2017,1.45
1/8/2017,1.6
1/9/2017,0.28
1/10/2017,0.6
1/11/2017,0.43
1/12/2017,0.05
1/13/2017,0
1/14/2017,0
1/15/2017,0
1/16/2017,0
1/17/2017,0
1/18/2017,1.38
1/19/2017,1.32
1/20/2017,0.3
1/21/2017,1.52
1/22/2017,0.58
1/23/2017,0.22
1/24/2017,0.01
1/25/2017,0
1/26/2017,0
1/27/2017,0
1/28/2017,0
1/29/2017,0
1/30/2017,0
1/31/2017,0
2/1/2017,0.38
2/2/2017,0.86
2/3/2017,0.25
2/4/2017,0
2/5/2017,1.06
2/6/2017,0.46
2/7/2017,0.68
2/8/2017,0.1
2/9/2017,1.14
2/10/2017,0.27
2/11/2017,0.01
2/12/2017,0
2/13/2017,0
2/14/2017,0
2/15/2017,0.27
2/16/2017,1.47
2/17/2017,1.62
2/18/2017,0
2/19/2017,0.85
2/20/2017,0.71
2/21/2017,0
2/22/2017,0
2/23/2017,0
2/24/2017,0
2/25/2017,0.07
2/26/2017,0
2/27/2017,0
2/28/2017,0
3/1/2017,0
3/2/2017,0
3/3/2017,0
3/4/2017,0.58
3/5/2017,0.01
3/6/2017,0
3/7/2017,0
3/8/2017,0
3/9/2017,0
3/10/2017,0
3/11/2017,0
3/12/2017,0
3/13/2017,0
3/14/2017,0
3/15/2017,0
3/16/2017,0
3/17/2017,0
3/18/2017,0
3/19/2017,0
3/20/2017,0.56
3/21/2017,0.36
3/22/2017,0.04
3/23/2017,0
3/24/2017,0.55
3/25/2017,0
3/26/2017,0.02
3/27/2017,0
3/28/2017,0
3/29/2017,0
3/30/2017,0
3/31/2017,0
4/1/2017,0
4/2/2017,0
4/3/2017,0
4/4/2017,0
4/5/2017,0
4/6/2017,0.45
4/7/2017,0.35
4/8/2017,0
4/9/2017,0
4/10/2017,0
4/11/2017,0.03
4/12/2017,0.26
4/13/2017,0.03
4/14/2017,0
4/15/2017,0
4/16/2017,0.35
4/17/2017,0.09
4/18/2017,0
4/19/2017,0
4/20/2017,0
4/21/2017,0
4/22/2017,0
4/23/2017,0
4/24/2017,0
4/25/2017,0
4/26/2017,0
4/27/2017,0
4/28/2017,0
4/29/2017,0
4/30/2017,0
5/1/2017,0
5/2/2017,0
5/3/2017,0
5/4/2017,0
5/5/2017,0
5/6/2017,0.22
5/7/2017,0.02
5/8/2017,0
5/9/2017,0
5/10/2017,0
5/11/2017,0
5/12/2017,0
5/13/2017,0
5/14/2017,0
5/15/2017,0
5/16/2017,0
5/17/2017,0
5/18/2017,0
5/19/2017,0
5/20/2017,0
5/21/2017,0
5/22/2017,0
5/23/2017,0
5/24/2017,0.01
5/25/2017,0.02
5/26/2017,0
5/27/2017,0
5/28/2017,0
5/29/2017,0
5/30/2017,0
5/31/2017,0
6/1/2017,0
6/2/2017,0
6/3/2017,0
6/4/2017,0
6/5/2017,0
6/6/2017,0
6/7/2017,0
6/8/2017,0.01
6/9/2017,0
6/10/2017,0
6/11/2017,0
6/12/2017,0
6/13/2017,0
6/14/2017,0
6/15/2017,0
6/16/2017,0
6/17/2017,0
6/18/2017,0
6/19/2017,0
6/20/2017,0
6/21/2017,0
6/22/2017,0
6/23/2017,0
6/24/2017,0
6/25/2017,0
6/26/2017,0
6/27/2017,0
6/28/2017,0
6/29/2017,0
6/30/2017,0
7/1/2017,0
7/2/2017,0
7/3/2017,0
7/4/2017,0
7/5/2017,0
7/6/2017,0
7/7/2017,0
7/8/2017,0
7/9/2017,0
7/10/2017,0
7/11/2017,0
7/12/2017,0
7/13/2017,0
7/14/2017,0
7/15/2017,0
7/16/2017,0
7/17/2017,0
7/18/2017,0
7/19/2017,0
7/20/2017,0
7/21/2017,0
7/22/2017,0
7/23/2017,0
7/24/2017,0.01
7/25/2017,0
7/26/2017,0
7/27/2017,0
7/28/2017,0
7/29/2017,0
7/30/2017,0
7/31/2017,0
8/1/2017,0
8/2/2017,0
8/3/2017,0
8/4/2017,0
8/5/2017,0
8/6/2017,0
8/7/2017,0
8/8/2017,0
8/9/2017,0
8/10/2017,0
8/11/2017,0
8/12/2017,0
8/13/2017,0
8/14/2017,0
8/15/2017,0.02
8/16/2017,0
8/17/2017,0
8/18/2017,0
8/19/2017,0
8/20/2017,0
8/21/2017,0
8/22/2017,0
8/23/2017,0
8/24/2017,0
8/25/2017,0
8/26/2017,0
8/27/2017,0
8/28/2017,0
8/29/2017,0
8/30/2017,0
8/31/2017,0
9/1/2017,0
9/2/2017,0
9/3/2017,0
9/4/2017,0.01
9/5/2017,0
9/6/2017,0
9/7/2017,0
9/8/2017,0
9/9/2017,0
9/10/2017,0.13
9/11/2017,0
9/12/2017,0
9/13/2017,0
9/14/2017,0
9/15/2017,0
9/16/2017,0
9/17/2017,0
9/18/2017,0
9/19/2017,0
9/20/2017,0
9/21/2017,0
9/22/2017,0
9/23/2017,0
9/24/2017,0
9/25/2017,0
9/26/2017,0
9/27/2017,0
9/28/2017,0
9/29/2017,0
9/30/2017,0
10/1/2017,0
10/2/2017,0
10/3/2017,0
10/4/2017,0
10/5/2017,0
10/6/2017,0
10/7/2017,0
10/8/2017,0
10/9/2017,0
10/10/2017,0
10/11/2017,0
10/12/2017,0
10/13/2017,0
10/14/2017,0
10/15/2017,0
10/16/2017,0
10/17/2017,0
10/18/2017,0
10/19/2017,0.15
10/20/2017,0
10/21/2017,0
10/22/2017,0
10/23/2017,0
10/24/2017,0
10/25/2017,0
10/26/2017,0
10/27/2017,0
10/28/2017,0
10/29/2017,0
10/30/2017,0
10/31/2017,0
11/1/2017,0
11/2/2017,0
11/3/2017,0.07
11/4/2017,0.01
11/5/2017,0
11/6/2017,0
11/7/2017,0
11/8/2017,0.01
11/9/2017,0.1
11/10/2017,0.01
11/11/2017,0
11/12/2017,0
11/13/2017,0
11/14/2017,0
11/15/2017,0
11/16/2017,0.06
11/17/2017,0
11/18/2017,0
11/19/2017,0
11/20/2017,0
11/21/2017,0
11/22/2017,0
11/23/2017,0
11/24/2017,0
11/25/2017,0
11/26/2017,0.33
11/27/2017,0
11/28/2017,0
11/29/2017,0
11/30/2017,0
12/1/2017,0
12/2/2017,0
12/3/2017,0
12/4/2017,0
12/5/2017,0
12/6/2017,0
12/7/2017,0
12/8/2017,0
12/9/2017,0
12/10/2017,0
12/11/2017,0
12/12/2017,0
12/13/2017,0
12/14/2017,0
12/15/2017,0
12/16/2017,0
12/17/2017,0
12/18/2017,0
12/19/2017,0
12/20/2017,0.07
12/21/2017,0
12/22/2017,0
12/23/2017,0
12/24/2017,0
12/25/2017,0
12/26/2017,0
12/27/2017,0
12/28/2017,0
12/29/2017,0
12/30/2017,0
12/31/2017,0
1/1/2018,0
1/2/2018,0
1/3/2018,0.82
1/4/2018,0.06
1/5/2018,0.01
1/6/2018,0
1/7/2018,0.07
1/8/2018,1.8
1/9/2018,0.03
1/10/2018,0
1/11/2018,0
1/12/2018,0
1/13/2018,0
1/14/2018,0
1/15/2018,0
1/16/2018,0
1/17/2018,0
1/18/2018,0.08
1/19/2018,0.02
1/20/2018,0
1/21/2018,0
1/22/2018,0
1/23/2018,0
1/24/2018,0.16
1/25/2018,0
1/26/2018,0
1/27/2018,0
1/28/2018,0
1/29/2018,0
1/30/2018,0
1/31/2018,0
2/1/2018,0
2/2/2018,0
2/3/2018,0
2/4/2018,0
2/5/2018,0
2/6/2018,0
2/7/2018,0
2/8/2018,0
2/9/2018,0
2/10/2018,0
2/11/2018,0
2/12/2018,0
2/13/2018,0
2/14/2018,0
2/15/2018,0
2/16/2018,0
2/17/2018,0
2/18/2018,0
2/19/2018,0.01
2/20/2018,0
2/21/2018,0
2/22/2018,0
2/23/2018,0
2/24/2018,0
2/25/2018,0
2/26/2018,0.14
2/27/2018,0
2/28/2018,0
3/1/2018,1.6
3/2/2018,0.1
3/3/2018,0
3/4/2018,0
3/5/2018,0
3/6/2018,0
3/7/2018,0
3/8/2018,0.01
3/9/2018,0
3/10/2018,0.46
3/11/2018,0
3/12/2018,1.05
3/13/2018,0.38
3/14/2018,0.01
3/15/2018,0.05
3/16/2018,0.11
3/17/2018,0.03
3/18/2018,0
3/19/2018,0
3/20/2018,1.14
3/21/2018,3.05
3/22/2018,0.14
3/23/2018,0
3/24/2018,0
3/25/2018,0
3/26/2018,0
3/27/2018,0
3/28/2018,0
3/29/2018,0
3/30/2018,0
3/31/2018,0
4/1/2018,0
4/2/2018,0
4/3/2018,0
4/4/2018,0
4/5/2018,0
4/6/2018,0.38
4/7/2018,0.12
4/8/2018,0
4/9/2018,0
4/10/2018,0
4/11/2018,0
4/12/2018,0
4/13/2018,0
4/14/2018,0
4/15/2018,0.09
4/16/2018,0.02
4/17/2018,0
4/18/2018,0.07
4/19/2018,0
4/20/2018,0
4/21/2018,0
4/22/2018,0
4/23/2018,0
4/24/2018,0
4/25/2018,0
4/26/2018,0
4/27/2018,0
4/28/2018,0
4/29/2018,0
4/30/2018,0
5/1/2018,0
5/2/2018,0
5/3/2018,0
5/4/2018,0
5/5/2018,0
5/6/2018,0
5/7/2018,0
5/8/2018,0
5/9/2018,0
5/10/2018,0
5/11/2018,0
5/12/2018,0
5/13/2018,0
5/14/2018,0
5/15/2018,0
5/16/2018,0
5/17/2018,0
5/18/2018,0
5/19/2018,0
5/20/2018,0
5/21/2018,0
5/22/2018,0.01
5/23/2018,0
5/24/2018,0.02
5/25/2018,0.01
5/26/2018,0
5/27/2018,0
5/28/2018,0
5/29/2018,0
5/30/2018,0
5/31/2018,0
6/1/2018,0
6/2/2018,0
6/3/2018,0
6/4/2018,0
6/5/2018,0
6/6/2018,0
6/7/2018,0
6/8/2018,0
6/9/2018,0
6/10/2018,0
6/11/2018,0
6/12/2018,0
6/13/2018,0
6/14/2018,0
6/15/2018,0
6/16/2018,0
6/17/2018,0
6/18/2018,0
6/19/2018,0
6/20/2018,0
6/21/2018,0
6/22/2018,0
6/23/2018,0
6/24/2018,0
6/25/2018,0
6/26/2018,0
6/27/2018,0
6/28/2018,0
6/29/2018,0
6/30/2018,0
7/1/2018,0
7/2/2018,0
7/3/2018,0
7/4/2018,0
7/5/2018,0
7/6/2018,0
7/7/2018,0
7/8/2018,0
7/9/2018,0
7/10/2018,0
7/11/2018,0
7/12/2018,0
7/13/2018,0
7/14/2018,0
7/15/2018,0
7/16/2018,0
7/17/2018,0
7/18/2018,0
7/19/2018,0
7/20/2018,0
7/21/2018,0
7/22/2018,0
7/23/2018,0
7/24/2018,0
7/25/2018,0
7/26/2018,0
7/27/2018,0
7/28/2018,0
7/29/2018,0
7/30/2018,0
7/31/2018,0
8/1/2018,0
8/2/2018,0
8/3/2018,0
8/4/2018,0
8/5/2018,0
8/6/2018,0
8/7/2018,0
8/8/2018,0
8/9/2018,0
8/10/2018,0
8/11/2018,0
8/12/2018,0
8/13/2018,0
8/14/2018,0
8/15/2018,0
8/16/2018,0
8/17/2018,0
8/18/2018,0
8/19/2018,0
8/20/2018,0
8/21/2018,0
8/22/2018,0
8/23/2018,0
8/24/2018,0
8/25/2018,0
8/26/2018,0
8/27/2018,0
8/28/2018,0
8/29/2018,0
8/30/2018,0
8/31/2018,0
9/1/2018,0
9/2/2018,0
9/3/2018,0
9/4/2018,0
9/5/2018,0
9/6/2018,0
9/7/2018,0
9/8/2018,0
9/9/2018,0
9/10/2018,0
9/11/2018,0
9/12/2018,0
9/13/2018,0
9/14/2018,0
9/15/2018,0
9/16/2018,0
9/17/2018,0
9/18/2018,0
9/19/2018,0
9/20/2018,0
9/21/2018,0
9/22/2018,0
9/23/2018,0
9/24/2018,0
9/25/2018,0
9/26/2018,0
9/27/2018,0
9/28/2018,0
9/29/2018,0
9/30/2018,0
10/1/2018,0
10/2/2018,0.02
10/3/2018,0.12
10/4/2018,0.01
10/5/2018,0
10/6/2018,0
10/7/2018,0
10/8/2018,0.01
10/9/2018,0
10/10/2018,0
10/11/2018,0
10/12/2018,0
10/13/2018,0
10/14/2018,0
10/15/2018,0
10/16/2018,0
10/17/2018,0
10/18/2018,0
10/19/2018,0
10/20/2018,0
10/21/2018,0
10/22/2018,0
10/23/2018,0
10/24/2018,0
10/25/2018,0
10/26/2018,0
10/27/2018,0
10/28/2018,0
10/29/2018,0
10/30/2018,0
10/31/2018,0
11/1/2018,0
11/2/2018,0
11/3/2018,0
11/4/2018,0
11/5/2018,0
11/6/2018,0
11/7/2018,0
11/8/2018,0
11/9/2018,0
11/10/2018,0
11/11/2018,0
11/12/2018,0
11/13/2018,0
11/14/2018,0
11/15/2018,0
11/16/2018,0
11/17/2018,0
11/18/2018,0
11/19/2018,0
11/20/2018,0
11/21/2018,0.54
11/22/2018,0.34
11/23/2018,0.2
11/24/2018,0
11/25/2018,0
11/26/2018,0
11/27/2018,0.08
11/28/2018,1.46
11/29/2018,0.24
11/30/2018,0.02
12/1/2018,0.02
12/2/2018,0.01
12/3/2018,0
12/4/2018,0.22
12/5/2018,0.16
12/6/2018,0
12/7/2018,0
12/8/2018,0
12/9/2018,0
12/10/2018,0
12/11/2018,0
12/12/2018,0
12/13/2018,0
12/14/2018,0
12/15/2018,0
12/16/2018,0.89
12/17/2018,0
12/18/2018,0
12/19/2018,0
12/20/2018,0
12/21/2018,0
12/22/2018,0
12/23/2018,0
12/24/2018,0.22
12/25/2018,0
12/26/2018,0
12/27/2018,0
12/28/2018,0
12/29/2018,0
12/30/2018,0
12/31/2018,0
1/1/2019,0
1/2/2019,0
1/3/2019,0
1/4/2019,0
1/5/2019,0.84
1/6/2019,0.49
1/7/2019,0.01
1/8/2019,0.68
1/9/2019,0.14
1/10/2019,0
1/11/2019,1.25
1/12/2019,0
1/13/2019,0.09
1/14/2019,0.95
1/15/2019,0.59
1/16/2019,1.09
1/17/2019,0.01
1/18/2019,0
1/19/2019,0
1/20/2019,0.05
1/21/2019,0
1/22/2019,0
1/23/2019,0
1/24/2019,0
1/25/2019,0
1/26/2019,0
1/27/2019,0
1/28/2019,0
1/29/2019,0
1/30/2019,1.11
1/31/2019,0.02
2/1/2019,1.55
2/2/2019,1.04
2/3/2019,0.4
2/4/2019,0.13
2/5/2019,0.04
2/6/2019,0
2/7/2019,0
2/8/2019,0.77
2/9/2019,0.3
2/10/2019,0.02
2/11/2019,0
2/12/2019,0.35
2/13/2019,0.48
2/14/2019,0.32
2/15/2019,0.46
2/16/2019,0.22
2/17/2019,0.02
2/18/2019,0
2/19/2019,0
2/20/2019,0
2/21/2019,0
2/22/2019,0
2/23/2019,0
2/24/2019,0
2/25/2019,0
2/26/2019,0.23
2/27/2019,0.11
2/28/2019,0
3/1/2019,0.87
3/2/2019,0.23
3/3/2019,0.06
3/4/2019,0.09
3/5/2019,0.84
3/6/2019,0.21
3/7/2019,0.24
3/8/2019,0
3/9/2019,0.3
3/10/2019,0
3/11/2019,0
3/12/2019,0
3/13/2019,0
3/14/2019,0
3/15/2019,0
3/16/2019,0
3/17/2019,0
3/18/2019,0
3/19/2019,1.03
3/20/2019,0.07
3/21/2019,0.03
3/22/2019,0.23
3/23/2019,0.12
3/24/2019,0
3/25/2019,0
3/26/2019,0.02
3/27/2019,0.4
3/28/2019,0
3/29/2019,0
3/30/2019,0
3/31/2019,0
4/1/2019,0
4/2/2019,0
4/3/2019,0.01
4/4/2019,0
4/5/2019,0
4/6/2019,0
4/7/2019,0
4/8/2019,0
4/9/2019,0
4/10/2019,0
4/11/2019,0
4/12/2019,0
4/13/2019,0
4/14/2019,0
4/15/2019,0.11
4/16/2019,0
4/17/2019,0
4/18/2019,0
4/19/2019,0.01
4/20/2019,0
4/21/2019,0
4/22/2019,0
4/23/2019,0
4/24/2019,0
4/25/2019,0
4/26/2019,0
4/27/2019,0
4/28/2019,0
4/29/2019,
